game_name,highest_price,release_date,genre,publisher,platform,metacritic_score,metacritic_rating_count,metacritic_user_score,metacritic_user_rating_count,playstation_score,playstation_rating_count
Grand Theft Auto IV,€24.99,"Feb 15, 2012",Action / Shooter / Racing,Rockstar,PS3,98,86,8.3,5541,4.32,48904
Red Dead Redemption 2,€59.99,"Oct 26, 2018",Action / Adventure / Unique,Rockstar Games,PS4,97,99,8.9,31932,4.74,379257
Red Dead Online,€69.99,"Oct 29, 2018",Action / Adventure,Rockstar Games,PS4,97,99,8.9,31932,4.74,379346
Grand Theft Auto 3,€9.99,"Oct 4, 2012",--,Rockstar Games,PS3,97,56,8,2079,4.59,1437
Grand Theft Auto V,€69.99,"Sep 17, 2013",Action / Adventure,Rockstar Games,PS3,97,66,8.5,14322,4.65,40895
Grand Theft Auto V,€69.99,"Nov 18, 2014",Action / Adventure,Rockstar Games,PS4,97,66,8.5,14322,4.48,854788
Baldur's Gate 3,€69.99,"Sep 6, 2023",Role playing games,Larian Studios Games Ltd,PS5 / PS4,96,112,9.2,19439,--,
ELDEN RING PS4 & PS5,€69.99,"Feb 25, 2022",Role playing games,BANDAI NAMCO ENTERTAINMENT EUROPE,PS5 / PS4,96,86,8.3,20997,--,
Uncharted 2: Among Thieves™,,"Oct 15, 2009",--,Sony Interactive Entertainment Europe,PS3,96,105,8.9,7750,4.14,7
Mass Effect™ 2,€14.99,"Jan 21, 2011",Role playing games,EA Swiss Sarl,PS3,96,98,8.9,3062,4.81,4067
BioShock,€14.99,"Jun 27, 2012",Action / Shooter,2K,PS3,96,88,8.8,3793,4.75,1557
The Elder Scrolls V: Skyrim,,"Feb 13, 2013",--,Bethesda,PS3,96,89,8.6,7095,--,
Red Dead Redemption,€49.99,"Aug 17, 2023",Action,Rockstar Games,PS4,95,96,8.9,4247,4.71,45
Persona 5 Royal,€59.99,"Oct 21, 2022",--,SEGA EUROPE LTD,PS5,95,71,8.7,5975,--,
The Last of Us™,,"Apr 4, 2012",--,Sony Interactive Entertainment Europe,PS3,95,98,9.2,16454,4.35,113
The Last of Us™,€19.99,"Jun 5, 2019",Action / Adventure / Horror,Sony Interactive Entertainment Europe,PS3,95,98,9.2,16454,4.79,1412
Portal 2,,"Oct 5, 2011",--,EA Swiss Sarl,PS3,95,66,8.8,2649,--,
Red Dead Redemption,€29.99,"Nov 16, 2011",Action / Shooter,Rockstar Games,PS3,95,96,8.9,4213,4.59,23589
The Last of Us™ Remastered,€49.99,"Jul 30, 2014",Action / Adventure,Sony Interactive Entertainment Europe,PS4,95,70,9.2,21277,4.81,418687
The Last of Us™: Left Behind (extension indépendante),€9.99,"May 12, 2015",Action / Adventure,Sony Interactive Entertainment Europe,PS4,95,70,9.2,21312,4.59,3440
Metaphor: ReFantazio PS4 et PS5,€69.99,"Oct 11, 2024",--,SEGA EUROPE LTD,PS5 / PS4,94,54,8.5,2429,--,
ASTRO BOT,€69.99,"Sep 6, 2024",--,Sony Interactive Entertainment Europe,PS5,94,136,9.1,5176,--,
Quake,€9.99,"Oct 12, 2021",Shooter,Bethesda,PS5 / PS4,94,9,8.6,1153,--,
God of War™,€19.99,"Oct 4, 2019",Action / Adventure,Sony Interactive Entertainment Europe,PS4,94,118,9.1,28793,4.75,7664
METAL GEAR SOLID,€9.99,"Nov 19, 2009",Action / Shooter / Adventure,Konami,PS3 / PS Vita / PSP,94,20,8.8,2466,4.91,14272
Final Fantasy® IX,€9.99,"May 26, 2010",Role playing games / Adventure,Square Enix LTD,PS3 / PS Vita / PSP,94,22,8.9,1882,4.87,12971
God of War® HD,€14.99,"Nov 3, 2010",Action / Adventure,Sony Interactive Entertainment Europe,PS3,94,75,8.9,2692,4.72,3811
Tom Clancy's Splinter Cell Chaos Theory® HD,€9.99,"Aug 10, 2011",Action / Adventure,UBISOFT ENTERTAINMENT SA,PS3,94,70,8.8,231,4.47,1959
Call of Duty 4: Modern Warfare,€29.99,"Nov 23, 2011",Action / Shooter,Activision Blizzard Int'l BV,PS3,,,,,4.44,819
Call of Duty: Modern Warfare 2,€29.99,"Dec 7, 2011",Action / Shooter,Activision Blizzard Int'l BV,PS3,,,,,4.56,1674
Batman: Arkham City,€14.99,"Jun 20, 2012",Action,WARNER BROS. INTERACTIVE,PS3,,,,,4.74,5434
Batman: Arkham City,€14.99,"Dec 5, 2012",Action,WARNER BROS. INTERACTIVE,PS3,,,,,4.71,1921
BioShock Infinite,€29.99,"Mar 26, 2013",Shooter,2K,PS3,,,,,4.67,9580
Metal Gear Solid 4: Guns of the Patriots,€14.99,"Dec 17, 2014",Action,Konami,PS3,,,,,4.74,2042
Clair Obscur: Expedition 33,€49.99,"Apr 24, 2025",--,Kepler Interactive Limited,PS5,,,,,--,
Persona 4 Golden,€19.99,"Jan 19, 2023",Role playing games,SEGA EUROPE LTD,PS4,93,61,9.1,2484,5,14
Resident Evil 4 PS4 & PS5,€69.99,"Mar 24, 2023",Action / Adventure / Horror,CE EUROPE LIMITED,PS5 / PS4,93,126,8.9,6900,--,
Hades,€24.99,"Aug 13, 2021",Action,SUPERGIANT GAMES,PS5 / PS4,93,58,8.6,4061,--,
The Last of Us Part II,€69.99,"Jun 19, 2020",Action / Adventure,Sony Interactive Entertainment Europe,PS4,93,121,5.8,165959,4.51,238482
Persona 5,€69.99,"Apr 4, 2017",Role playing games,SEGA EUROPE LTD,PS4,93,98,8.9,5768,4.87,51264
Persona 5,€49.99,"Apr 4, 2017",Role playing games,Deep Silver,PS3,,,,,4.92,998
resident evil 4 (2005),€19.99,"Aug 30, 2016",Action / Horror,CE EUROPE LIMITED,PS4,,,,,4.71,12139
INSIDE,€19.99,"Aug 23, 2016",Puzzle / Action / Adventure / Horror,Playdead ApS,PS4,,,,,4.63,11025
Street Fighter IV,,"Feb 26, 2009",Fighting,CE EUROPE LIMITED,PS3,,,,,--,
GRAND THEFT AUTO: CHINATOWN WARS,€14.99,"Oct 23, 2009",Action / Shooter / Adventure,Rockstar Games,PS Vita / PSP,,,,,4.01,1911
Braid,€9.99,"Dec 17, 2009",Action / Arcade / Strategy,HOTHEAD GAMES INC.,PS3,,,,,4.56,2623
God of War® II HD,€14.99,"Nov 3, 2010",Action / Adventure,Sony Interactive Entertainment Europe,PS3,,,,,4.8,2231
Tom Clancy's Splinter Cell Pandora Tomorrow® HD,€9.99,"Aug 10, 2011",Action / Adventure,UBISOFT ENTERTAINMENT SA,PS3,,,,,4.43,867
Tom Clancy's Splinter Cell® HD,€9.99,"Aug 10, 2011",Action / Adventure,UBISOFT ENTERTAINMENT SA,PS3,,,,,4.34,1164
Persona 4 Golden,€29.99,"Feb 20, 2013",Role playing games,NIS America,PS Vita,93,61,9.1,2475,4.89,4806
Metal Gear Solid V: The Phantom Pain,€59.99,"Sep 1, 2015",Action,Konami,PS3,93,86,8.1,6911,4.79,1962
Metal Gear Solid V: The Phantom Pain,€69.99,"Sep 1, 2015",Action,Konami,PS4,93,86,8.1,6878,4.65,92773
Blue Prince,€29.99,"Apr 10, 2025",--,RAW FURY,PS5,92,55,7.8,619,--,
Forza Horizon 5 Standard Edition,€69.99,"Apr 29, 2025",--,Microsoft Corporation,PS5,,,,,--,
FINAL FANTASY VI,€17.99,"Apr 19, 2023",Role playing games,Square Enix LTD,PS4,,,,,5,5
The Witcher 3: Wild Hunt,€29.99,"Dec 14, 2022",Role playing games,CD PROJEKT,PS5 / PS4,,,,,4.83,262989
RimWorld Console Edition,€39.99,"Jul 29, 2022",Simulation,Double Eleven Limited,PS4,,,,,5,4
Demon’s Souls,€79.99,"Nov 12, 2020",Action,Sony Interactive Entertainment Europe,PS5,92,100,8.4,4605,--,
Rayman® Legends,,"Jan 1, 1970",--,UBISOFT ENTERTAINMENT SA,PS3,92,35,8.7,784,--,
ROCK BAND,,"Sep 11, 2008",Music/rhythm,Harmonix Music Systems Inc.,PS3,92,35,8.1,127,--,
FINAL FANTASY® VII,€9.99,"Jun 4, 2009",Role playing games / Adventure,Square Enix LTD,PS3 / PS Vita / PSP,92,20,8.9,2822,4.87,22613
BATMAN: ARKHAM ASYLUM,,"Aug 27, 2009",--,Square Enix LTD,PS3,92,78,8.5,2732,--,
Vagrant Story™,€5.99,"Dec 22, 2009",Role playing games / Adventure,Square Enix LTD,PS3 / PS Vita / PSP,92,19,8.8,264,4.43,2710
Final Fantasy® VI,€9.99,"Jun 1, 2011",Role playing games,Square Enix LTD,PS3 / PS Vita / PSP,92,25,8.3,440,4.75,1875
God of War® III,,"Mar 17, 2012",--,Sony Interactive Entertainment Europe,PS3,92,101,9,4038,--,
Batman: Arkham Asylum,€14.99,"Dec 12, 2012",Action / Adventure,WARNER BROS. INTERACTIVE,PS3,92,78,8.5,2732,4.68,4546
Demon's Souls™,€19.99,"Jan 23, 2013",Role playing games,BANDAI NAMCO ENTERTAINMENT EUROPE,PS3,92,100,8.4,4605,4.65,7717
Rayman Legends,€19.99,"Aug 29, 2013",Action,UBISOFT ENTERTAINMENT SA,PS3,92,35,8.7,966,4.68,1783
Rayman Legends,€29.99,"Feb 20, 2014",Action / Adventure,UBISOFT ENTERTAINMENT SA,PS4,92,35,8.7,1054,4.57,9688
Bloodborne™,€49.99,"Mar 25, 2015",Action / Role playing games,Sony Interactive Entertainment Europe,PS4,92,100,8.9,13839,4.74,269681
Journey™,€14.99,"Jul 21, 2015",Shooter / Adventure,Sony Interactive Entertainment Europe,PS4 / PS3,92,78,8.6,2094,4.69,136284
Bloodborne™: Game of the Year Edition,€59.99,"Nov 25, 2015",Action / Role playing games,Sony Interactive Entertainment Europe,PS4,92,100,8.9,13839,4.76,19079
Resident Evil 2,€9.99,"Aug 19, 2025",Action / Horror,"Capcom U.S.A., Inc.",PS5 / PS4,91,85,8.9,6953,4.9,493
I Was a Teenage Exocolonist,€24.99,"Aug 25, 2022",Role playing games,LAST CHANCE MEDIA,PS5 / PS4,91,11,7.8,75,--,
RESIDENT EVIL 2,€39.99,"Jun 14, 2022",Action / Adventure / Horror,CE EUROPE LIMITED,PS5 / PS4,91,85,8.9,6930,4.77,97516
Crusader Kings III,€49.99,"Mar 29, 2022",Strategy / Simulation,PARADOX INTERACTIVE AB,PS5,91,61,8.3,1088,4.01,6271
DRAGON QUEST XI S : Les Combattants de la destinée - Édition ultime,€39.99,"Dec 4, 2020",Role playing games,Square Enix LTD,PS4,91,50,8.8,1051,4.67,501
Shadow of the Colossus™,€39.99,"Feb 7, 2018",Action / Adventure,Sony Interactive Entertainment Europe,PS4,91,100,7.9,3261,4.38,55758
Crash Bandicoot 3 Warped™,€4.99,"Oct 23, 2008",Action / Adventure,Sony Interactive Entertainment Europe,PS3 / PS Vita / PSP,91,12,9,918,4.79,10441
God of War®: Chains of Olympus [PSP],€7.99,"Oct 1, 2009",Action / Adventure,Sony Interactive Entertainment Europe,PS Vita / PSP,91,79,8.4,1206,4.66,1526
Call of Duty® Classic,€14.99,"Dec 10, 2009",--,Activision Blizzard Int'l BV,PS3,91,44,8.2,1564,4.03,743
ROCK BAND 2,,"Apr 22, 2010",Music/rhythm,Harmonix Music Systems Inc.,PS3,91,24,8,101,--,
ROCK BAND 3,,"Oct 27, 2010",Music/rhythm,Harmonix Music Systems Inc.,PS3,91,34,8.1,103,--,
God of War®: Ghost of Sparta [PSP],€7.99,"Nov 3, 2010",Action / Adventure,Sony Interactive Entertainment Europe,PS Vita / PSP,91,79,8.4,1228,4.66,2876
PAC-MAN™ Championship Edition DX＋,€9.99,"Nov 24, 2010",--,BANDAI NAMCO ENTERTAINMENT EUROPE,PS3,91,25,7.8,96,4.8,368
Legacy of Kain: Soul Reaver ™,€5.99,"Mar 2, 2011",Action / Horror,Square Enix LTD,PS3 / PS Vita / PSP,91,17,8.9,293,4.51,1910
God of War®: Chains of Olympus,€14.99,"Sep 14, 2011",Action / Adventure,Sony Interactive Entertainment Europe,PS3,91,79,8.4,1310,4.77,751
Crysis,€12.99,"Oct 5, 2011",Shooter,EA Swiss Sarl,PS3,91,56,8.1,2763,4.65,7181
Shadow of the Colossus™ Classics HD,€17.99,"Dec 21, 2011",Action / Adventure,Sony Interactive Entertainment Europe,PS3,91,100,7.9,3261,4.73,1450
Resident Evil 3: Nemesis,€9.99,"Feb 29, 2012",Action / Shooter / Horror,CE EUROPE LIMITED,PS3 / PS Vita / PSP,91,19,8.7,450,4.7,4516
RESIDENT EVIL 2,€9.99,"Feb 29, 2012",--,CE EUROPE LIMITED,PS3 / PSP,91,85,8.9,6953,4.67,4892
Ratchet & Clank™ 3,€9.99,"Jun 27, 2012",Action,Sony Interactive Entertainment Europe,PS3,91,65,8.9,699,4.78,665
Twisted Metal: Black™,€7.99,"Sep 5, 2012",--,Sony Interactive Entertainment Europe,PS3,91,15,8.3,145,4.33,332
Mass Effect™,€14.99,"Dec 5, 2012",Shooter / Adventure,EA Swiss Sarl,PS3,91,74,8.6,1950,4.73,6773
God of War® Collection,€24.99,"May 7, 2014",--,Sony Interactive Entertainment Europe,PS Vita,91,50,8.8,752,4.64,1772
Resident Evil,€19.99,"Jan 20, 2015",Action / Horror,CE EUROPE LIMITED,PS4,91,8,8.7,869,4.71,102099
Resident Evil,€19.99,"Jan 20, 2015",Action / Horror,CE EUROPE LIMITED,PS3,91,8,9.1,1091,4.81,2626
Shovel Knight: Treasure Trove,€24.99,"Apr 23, 2015",Action / Adventure,YACHT CLUB GAMES,PS4 / PS3 / PS Vita,91,17,8.2,669,4.79,14148
Shujinkou,€59.99,"Feb 13, 2025",--,Rice Games Inc,PS5 / PS4,90,4,8.8,6,--,
TSUKIHIME -A piece of blue glass moon-,€54.99,"Jun 27, 2024",Adventure,ANIPLEX INC.,PS4,90,9,8.4,109,4.9,341
ANIMAL WELL,€24.99,"May 9, 2024",--,Bigmode,PS5,90,30,8,641,--,
DAVE THE DIVER,€19.99,"Apr 16, 2024",Adventure,Mintrocket,PS5 / PS4,90,43,8.2,975,4.84,482
Balatro,€14.99,"Feb 20, 2024",Strategy,PLAYSTACK LIMITED,PS5 / PS4,90,32,8.3,1381,4.95,56
The Last of Us™ Part II Remastered,€49.99,"Jan 19, 2024",Action / Adventure,Sony Interactive Entertainment Europe,PS5,90,87,7.5,3383,4.38,143527
TEKKEN 8,€79.99,"Jan 26, 2024",Fighting / Action,BANDAI NAMCO ENTERTAINMENT EUROPE,PS5,90,96,7.5,1073,--,
Marvel’s Spider-Man 2,€79.99,"Oct 20, 2023",Action,Sony Interactive Entertainment Europe,PS5,90,144,8.7,9904,--,
Walkabout Mini Golf,€24.99,"May 11, 2023",--,"Mighty Coconut, LLC",PS5,90,4,7.5,19,--,
Chained Echoes,€24.99,"Dec 8, 2022",Role playing games,DECK13 INTERACTIVE,PS4,,,,,5,3
Chicory: A Colorful Tale,€19.99,"Jun 10, 2021",Adventure,LAST CHANCE MEDIA,PS5 / PS4,90,23,7.5,131,--,
Bayonetta,€24.99,"Feb 18, 2020",Action / Shooter,SEGA EUROPE LTD,PS4,90,86,8.2,875,4.66,666
Sekiro™: Shadows Die Twice - Édition GOTY,€69.99,"Apr 5, 2019",Action / Adventure,Activision Blizzard Int'l BV,PS4,90,77,8.6,6479,4.66,57376
ASTRO BOT Rescue Mission™,€39.99,"Oct 3, 2018",Action,Sony Interactive Entertainment Europe,PS4,90,51,8.9,674,4.22,14227
MONSTER HUNTER: WORLD™,€69.99,"Jan 26, 2018",Action,CE EUROPE LIMITED,PS4,90,93,7.8,2534,4.71,123305
OKAMI HD,€19.99,"Dec 12, 2017",Action / Adventure,CE EUROPE LIMITED,PS4,90,44,8.8,479,4.87,1039
Syphon Filter™,€4.99,"Sep 20, 2007",Action / Shooter,Sony Interactive Entertainment Europe,PS3 / PS Vita / PSP,90,19,8.6,230,4.23,1840
Final Fantasy® VIII,€9.99,"Dec 24, 2009",Role playing games / Adventure,Square Enix LTD,PS3 / PS Vita / PSP,90,24,8.6,1244,4.84,14430
Assassin's Creed® II,€9.99,"Feb 9, 2011",Action / Adventure,UBISOFT ENTERTAINMENT SA,PS3,90,82,8.8,2741,4.51,6467
LIMBO,€8.99,"Jul 20, 2011",Puzzle / Action / Horror / Unique,Playdead ApS,PS3,90,89,8.1,847,4.53,7717
Dead Space™ 2,€14.99,"Aug 17, 2011",Action / Shooter / Horror,EA Swiss Sarl,PS3,90,83,8.6,1293,4.7,2254
NBA 2K12,,"Nov 30, 2011",--,2K Sports Europe,PS3,90,42,7.8,150,--,
ICO™ Classics HD,€14.99,"Dec 21, 2011",Action / Adventure,Sony Interactive Entertainment Europe,PS3,90,59,8.5,557,4.55,644
Jak and Daxter: The Precursor Legacy™,€9.99,"Feb 29, 2012",Action / Adventure,Sony Interactive Entertainment Europe,PS3,90,35,8.9,637,4.69,1139
Ratchet & Clank™ 2,€9.99,"Jun 27, 2012",Action,Sony Interactive Entertainment Europe,PS3,90,46,8.9,453,4.77,504
Okami HD,€13.99,"Oct 31, 2012",Adventure / Unique,CE EUROPE LIMITED,PS3,90,44,8.8,459,4.75,6939
Bayonetta,€14.99,"Jan 30, 2013",Action / Adventure / Horror,SEGA EUROPE LTD,PS3,90,86,8.2,807,4.72,823
LIMBO,€8.99,"Jun 5, 2013",Puzzle / Action / Adventure,Playdead ApS,PS Vita,90,89,8.1,837,4.43,4966
Jetpack Joyride Deluxe,€1.99,"Dec 3, 2014",Arcade,BIG ANT STUDIOS PTY LIMITED,PS Vita,90,27,7.8,147,4.47,969
LIMBO,€9.99,"Feb 25, 2015",Puzzle / Action / Adventure,Playdead ApS,PS4,90,89,8,1022,4.39,21226
Metro 2033 Redux,€19.99,"Jun 2, 2015",Action / Shooter,Deep Silver,PS4,90,5,8.1,2210,4.45,6586
despelote,€13.99,"May 1, 2025",Sports,Panic,PS5 / PS4,89,18,6.2,60,5,3
Monument Valley,€9.99,"Apr 15, 2025",Puzzle,ustwo games limited,PS5 / PS4,89,37,8.2,263,5,1
DEATH STRANDING 2: ON THE BEACH,€79.99,"Jun 26, 2025",--,Sony Interactive Entertainment Europe,PS5,89,145,8.8,2891,--,
Thank Goodness You're Here!,€17.99,"Aug 1, 2024",--,Panic,PS5 / PS4,89,25,7.7,161,--,
TimeMelters,€18.99,"Jul 11, 2024",--,Autoexec Games Inc.,PS5,89,6,0,0,--,
Grandia,,"Nov 21, 2023",Role playing games,Game Arts Co.,PS5,89,14,7.7,165,--,
Grandia,€12.49,"Nov 21, 2023",Role playing games,Game Arts Co.,PS4,89,14,7.7,165,4.78,264
Horizon Forbidden West™ Complete Edition,€69.99,"Oct 6, 2023",--,Sony Interactive Entertainment Europe,PS5,89,36,7.3,768,--,
Like a Dragon: Infinite Wealth PS4 & PS5,€69.99,"Jan 26, 2024",Role playing games,SEGA EUROPE LTD,PS5 / PS4,89,96,8.5,828,--,
Gravity Circuit,€21.99,"Jul 13, 2023",Action,Plug In Digital,PS5 / PS4,89,5,7.9,28,--,
Dead Cells (PS4® & PS5®),€24.99,"Jun 29, 2023",Action,MOTION TWIN SARL,PS5 / PS4,89,36,8.2,1150,4.73,13932
Rez Infinite,€29.99,"Feb 22, 2023",--,ENHANCE GAMES,PS5,89,47,7.4,242,--,
Persona 3 Portable,€19.99,"Jan 19, 2023",Role playing games,SEGA EUROPE LTD,PS4,89,40,8.7,762,4.93,14
Neon White,€24.99,"Dec 13, 2022",Action,ANNAPURNA INTERACTIVE,PS5 / PS4,89,39,8.3,358,--,
NORCO,€14.99,"Nov 17, 2022",Puzzle / Adventure,RAW FURY,PS5 / PS4,89,25,7.4,88,--,
Atari 50: The Anniversary Celebration,€39.99,"Nov 3, 2022",--,ATARI EUROPE S.A.S.U.,PS5,89,18,8.1,33,--,
Dead Space,€79.99,"Jan 27, 2023",Horror,EA Swiss Sarl,PS5,89,89,8.4,2265,--,
The Last of Us™ Part I,€79.99,"Sep 2, 2022",Action,Sony Interactive Entertainment Europe,PS5,89,115,7.9,5112,--,
Rolling Gunner + Over Power,€29.99,"Apr 1, 2022",Shooter,ININ,PS4,89,5,0,0,5,7
Disco Elysium - The Final Cut,€39.99,"Mar 30, 2021",Role playing games,Disco Elysium UK Ltd t/a ZA/UM,PS5 / PS4,89,30,8.3,1534,--,
Stardew Valley,€13.99,"Feb 25, 2021",Role playing games / Adventure / Simulation,CONCERNEDAPE LLC,PS4,89,30,8.8,2855,4.76,698
Devil May Cry 5 Special Edition,€39.99,"Nov 12, 2020",Action,CE EUROPE LIMITED,PS5,89,34,8.5,890,4.78,39321
Return of the Obra Dinn,€23.99,"Oct 18, 2019",Puzzle / Adventure / Unique,3909 LLC,PS4,89,35,8.7,561,4.74,266
STAR WARS™ Jedi Knight II: Jedi Outcast™,€9.99,"Sep 24, 2019",Action / Shooter,ASPYR MEDIA,PS4,89,35,8.5,587,4.21,864
Slay the Spire,€24.99,"May 21, 2019",Strategy,Humble Games,PS4,89,24,8,1151,4.08,1402
Dreams™,€39.99,"Feb 14, 2020",Action / Adventure / Unique,Sony Interactive Entertainment Europe,PS4,89,80,8.6,1469,4.4,7513
Tetris® Effect: Connected,€39.99,"Nov 9, 2018",Puzzle,ENHANCE GAMES,PS4,89,76,7.6,257,4.57,7255
Mark of the Ninja: Remastered,€19.99,"Oct 9, 2018",Action,Klei Entertainment Inc.,PS4,89,6,8.3,70,4.81,439
Hollow Knight : Edition Coeur-du-Vide,€14.49,"Sep 25, 2018",Action / Adventure,TEAM CHERRY,PS4,,,,,4.61,14194
GRANDIA,€7.99,"Nov 10, 2010",Role playing games,Game Arts Co.,PS3 / PS Vita / PSP,,,,,4.61,1830
L. A. Noire,€39.99,"Nov 14, 2017",Action / Adventure,Rockstar Games,PS4,89,83,8,1326,4.66,2378
Titanfall™ 2 édition standard,€69.99,"Oct 28, 2016",Action / Shooter / Adventure,EA Swiss Sarl,PS4,,,,,4.57,125387
Rez Infinite,€29.99,"Oct 13, 2016",Action / Shooter / Music/rhythm / Unique,ENHANCE GAMES,PS4,,,,,4.49,6567
DARK SOULS™ III,€69.99,"Apr 12, 2016",Action / Role playing games / Adventure,BANDAI NAMCO ENTERTAINMENT EUROPE,PS4,89,69,8.8,6400,4.78,88348
XCOM®: Enemy Unknown Plus,€19.99,"Mar 22, 2016",Strategy,2K,PS Vita,89,57,8.2,2754,4.53,657
Metal Gear Solid: Peace Walker,€9.99,"Jun 17, 2010",Action / Shooter,Konami,PS Vita / PSP,89,66,8.5,713,4.85,1828
Assassin's Creed Brotherhood,€9.99,"Aug 3, 2011",Action / Adventure,UBISOFT ENTERTAINMENT SA,PS3,,,,,4.64,2957
Dead Space™,€14.99,"Aug 17, 2011",--,EA Swiss Sarl,PS3,,,,,4.77,476
Persona 3 Portable,€29.99,"Sep 7, 2011",Role playing games,GHOSTLIGHT LIMITED,PS Vita / PSP,,,,,4.89,1510
Deus Ex: Human Revolution,€12.99,"Nov 30, 2011",--,Square Enix LTD,PS3,89,70,8.2,1020,4.51,1503
L.A. Noire,€29.99,"Dec 21, 2011",Adventure,Rockstar Games,PS3,89,83,7.9,1267,4.53,993
Max Payne,€9.99,"May 2, 2012",--,Rockstar Games,PS3,89,32,9,2424,4.49,1984
Borderlands 2,€29.99,"Sep 20, 2012",Action / Shooter / Role playing games,2K,PS3,89,59,8.1,1700,4.68,11902
Castlevania: Symphony of the Night,€9.99,"Dec 12, 2012",Role playing games / Adventure / Horror,Konami,PS3 / PS Vita,89,21,8.8,318,4.89,1833
FEZ,€9.99,"Mar 26, 2014",Adventure,POLYTRON CORPORATION,PS4 / PS3 / PS Vita,,,,,4.1,18614
The Walking Dead: The Complete First Season,€24.99,"Oct 31, 2014",Action / Adventure,SKYBOUND INTERACTIVE LLC,PS4,,,,,4.75,14649
Journey™ - Édition Collector,€24.99,"Sep 30, 2015",Puzzle / Adventure / Unique,Sony Interactive Entertainment Europe,PS4 / PS3 / PS Vita,89,5,8.8,52,4.73,1958
Nuclear Throne,€11.99,"Dec 5, 2015",Action / Shooter / Arcade,VLAMBEER,PS4 / PS Vita,89,15,7.7,280,4.57,835
Sword of the Sea,€24.99,"Aug 19, 2025",--,"Giant Squid, Inc.",PS5,88,20,8.7,139,--,
Cabernet,€23.99,"Feb 20, 2025",--,AKUPARA GAMES,PS5 / PS4,88,5,0,0,--,
Lorelei and the Laser Eyes,€23.99,"Dec 3, 2024",Puzzle,ANNAPURNA INTERACTIVE,PS5 / PS4,88,37,7.8,96,5,5
KILL KNIGHT,€14.49,"Oct 2, 2024",Action,PlaySide Studios LTD,PS5 / PS4,88,8,7.7,72,5,20
Kingdom Come: Deliverance II,€69.99,"Feb 4, 2025",--,Deep Silver,PS5,88,75,8.7,3591,--,
Let's! Revolution! PS4 & PS5,€19.99,"Apr 11, 2024",Puzzle / Strategy,Buck Design LLC,PS5 / PS4,88,5,0,0,4,2
DUSK,€24.99,"Oct 31, 2023",Shooter,SEVERED PRESS PTY LTD,PS4,88,20,8.3,302,--,
The Talos Principle 2,€29.99,"Nov 2, 2023",Puzzle / Adventure,Devolver Digital,PS5,88,46,8.5,211,--,
COCOON,€24.99,"Sep 29, 2023",Adventure,ANNAPURNA INTERACTIVE,PS5 / PS4,88,39,8,634,5,7
Rogue Legacy 2,€24.99,"Jun 20, 2023",Action / Role playing games / Adventure,CELLAR DOOR GAMES INC.,PS5 / PS4,88,34,7.3,235,--,
Tetris® Effect: Connected,€39.99,"Feb 22, 2023",--,ENHANCE GAMES,PS5,,,,,--,
Night in the Woods,€19.99,"Dec 13, 2022",Adventure,LAST CHANCE MEDIA,PS5 / PS4,,,,,--,
What Remains of Edith Finch,€19.99,"Jul 28, 2022",Adventure / Horror,ANNAPURNA INTERACTIVE,PS5 / PS4,,,,,--,
A Short Hike,€7.99,"Nov 16, 2021",Adventure,Whippoorwill Limited,PS4,88,17,8.5,380,4.67,69
DEATHLOOP,€69.99,"Sep 14, 2021",Action,Bethesda,PS5,88,109,6.8,1950,4.08,3808
Horizon Forbidden West™,€79.99,"Feb 18, 2022",Action,Sony Interactive Entertainment Europe,PS5 / PS4,88,127,8,11468,--,
Horizon Forbidden West™,€69.99,"Feb 18, 2022",Action,Sony Interactive Entertainment Europe,PS4,88,127,8,11467,4.73,1540
Ratchet & Clank: Rift Apart,€79.99,"Jun 11, 2021",Action / Adventure,Sony Interactive Entertainment Europe,PS5,,,,,--,
Pillars of Eternity II: Deadfire - Ultimate Edition,€59.99,"Jan 28, 2020",Action / Role playing games / Adventure,Microsoft Corporation,PS4,,,,,3.26,313
Sid Meier's Civilization VI,€49.99,"Nov 22, 2019",Strategy,2K,PS4,,,,,3.85,13526
Torchlight II,€19.99,"Sep 3, 2019",Action / Role playing games / Adventure,Arc Games,PS4,,,,,4.41,695
Far Cry®3 Classic Edition,€29.99,"May 29, 2018",Action / Shooter,UBISOFT ENTERTAINMENT SA,PS4,,,,,4.6,8671
Owlboy,€21.99,"Apr 10, 2018",Action / Adventure,D-PAD,PS4,88,47,7.6,313,4.31,242
Injustice™ 2 - Legendary Edition,€59.99,"Mar 29, 2018",Fighting,WARNER BROS. INTERACTIVE,PS4,,,,,4.42,1606
SteamWorld Dig 2,€19.99,"Sep 27, 2017",Action,THUNDERFUL PUBLISHING,PS4 / PS Vita,88,38,8.4,447,4.72,442
Nioh,€59.99,"Feb 8, 2017",Role playing games,Sony Interactive Entertainment Europe,PS4,88,100,8.1,2686,4.42,56099
Dishonored 2,€69.99,"Nov 11, 2016",Action,Bethesda,PS4,,,,,4.34,3590
Battlefield™ 1,€69.99,"Oct 21, 2016",Action / Shooter,EA Swiss Sarl,PS4,,,,,4.51,177875
Rise of the Tomb Raider : 20e anniversaire,€59.99,"Oct 11, 2016",Action / Role playing games,CRYSTAL DYNAMICS,PS4,,,,,4.49,90896
XCOM® 2,€49.99,"Sep 30, 2016",Strategy / Simulation,2K,PS4,,,,,4.16,26956
Uncharted: Drake's Fortune™,,"Jun 27, 2012",--,Sony Interactive Entertainment Europe,PS3,,,,,4,9
Ratchet & Clank™,€34.99,"Apr 15, 2016",Action / Adventure,Sony Interactive Entertainment Europe,PS4,,,,,4.46,47404
BioShock 2,,"Feb 29, 2012",Action / Shooter,2K,PS3,,,,,4.46,2781
Assassin's Creed 4 Black Flag,€29.99,"Nov 29, 2013",Action,UBISOFT ENTERTAINMENT SA,PS4,,,,,4.81,66
THE BEATLES: ROCK BAND,,"Jan 1, 1970",--,Harmonix Music Systems Inc.,PS3,,,,,--,
CTR™: Crash Team Racing,€4.99,"Oct 18, 2007",Action / Racing,Sony Interactive Entertainment Europe,PS3 / PS Vita / PSP,,,,,4.75,10788
TOM CLANCY'S RAINBOW SIX VEGAS,€19.99,"Apr 16, 2009",Shooter / Strategy,UBISOFT ENTERTAINMENT SA,PS Vita / PSP,,,,,3.52,29
The Secret of Monkey Island™: Edition Speciale,€9.99,"Jun 23, 2010",Adventure,LUCASARTS,PS3,,,,,4.71,3286
Need for Speed Hot Pursuit,,"Nov 17, 2010",--,EA Swiss Sarl,PS3,,,,,--,
Need for Speed™ Hot Pursuit,€14.99,"Jun 22, 2011",Action / Racing,EA Swiss Sarl,PS3,,,,,4.41,11346
OMG-Z!,€2.99,"Aug 17, 2011",Puzzle / Action / Strategy,Laughing Jackal Ltd.,PS3 / PS Vita / PSP,88,5,7.3,29,3.8,627
RIDGE RACER™,€19.99,"Jan 31, 2012",--,BANDAI NAMCO ENTERTAINMENT EUROPE,PS Vita,,,,,3.55,1365
Uncharted: Drake’s Fortune™,€12.99,"Jun 27, 2012",--,Sony Interactive Entertainment Europe,PS3,,,,,4.56,1196
Ratchet & Clank™,€9.99,"Jun 27, 2012",Action,Sony Interactive Entertainment Europe,PS3,,,,,4.77,584
Red Faction,€9.99,"Jul 4, 2012",--,THQ (UK) LTD,PS3,,,,,4.6,263
Call of Duty: Modern Warfare 3,€69.99,"Sep 12, 2012",Action / Shooter,Activision Blizzard Int'l BV,PS3,,,,,4.39,1414
LittleBigPlanet™ PlayStation Vita,€14.99,"Sep 26, 2012",Unique / Family,Sony Interactive Entertainment Europe,PS Vita,,,,,4.25,190550
Far Cry® 3,€14.99,"Nov 29, 2012",--,UBISOFT ENTERTAINMENT SA,PS3,,,,,4.65,15909
Deus Ex: Human Revolution - Director's Cut™,€14.99,"Oct 25, 2013",Action,Square Enix LTD,PS3,,,,,4.47,448
XCOM®: Enemy Within,€39.99,"Nov 13, 2013",Strategy,2K,PS3,,,,,4.87,838
Ratchet & Clank™,€9.99,"Jul 2, 2014",--,Sony Interactive Entertainment Europe,PS Vita,,,,,4.54,908
The Binding of Isaac: Rebirth,€14.99,"Nov 5, 2014",Action,Nicalis Inc.,PS4,,,,,4.57,74040
The Binding of Isaac: Rebirth,€14.99,"Nov 5, 2014",Action,Nicalis Inc.,PS Vita,,,,,4.48,3912
Dishonored,€19.99,"Dec 17, 2014",Action / Adventure,Bethesda,PS3,,,,,4.26,10974
The Talos Principle,€39.99,"Oct 12, 2015",Puzzle / Adventure,Devolver Digital,PS4,,,,,4.73,1485
DIVINITY ORIGINAL SIN - ENHANCED EDITION,€54.99,"Oct 27, 2015",Role playing games,Focus Entertainment,PS4,,,,,4.59,8189
Neva,€19.99,"Oct 15, 2024",Action / Adventure,Devolver Digital,PS5 / PS4,,,,,4.99,83
Jeanne d'Arc,€9.99,"Jul 16, 2024",Role playing games,Sony Interactive Entertainment,PS5 / PS4,,,,,4.64,80
Fallout 4,€19.99,"Apr 25, 2024",Role playing games,Bethesda,PS5 / PS4,,,,,4.62,115850
DRAGON BALL FighterZ PS4 & PS5,€69.99,"Feb 29, 2024",Fighting,BANDAI NAMCO ENTERTAINMENT EUROPE,PS5 / PS4,,,,,4.34,61315
Shin Megami Tensei V: Vengeance,€59.99,"Jun 14, 2024",--,SEGA EUROPE LTD,PS5 / PS4,,,,,--,
Hi-Fi RUSH,€29.99,"Mar 19, 2024",--,Bethesda,PS5,,,,,--,
IMMORTALITY,€19.99,"Jan 23, 2024",--,Half Mermaid Productions,PS5,,,,,--,
The Making of Karateka PS4 & PS5,€18.99,"Aug 29, 2023",Action / Adventure,Atari Inc.,PS5 / PS4,,,,,--,
Sea of Stars,€34.99,"Aug 29, 2023",Role playing games / Adventure,SABOTAGE STUDIO INC,PS5 / PS4,,,,,--,
Persona 3 Reload PS4 et PS5,€69.99,"Feb 2, 2024",Role playing games,SEGA EUROPE LTD,PS5 / PS4,,,,,--,
Kentucky Route Zero: TV Edition,€21.99,"Aug 17, 2023",Adventure / Unique,ANNAPURNA INTERACTIVE,PS5 / PS4,,,,,--,
Marvel's Spider-Man Remastered,€59.99,"May 4, 2023",--,Sony Interactive Entertainment Europe,PS5,,,,,--,
Grindstone,€19.99,"May 3, 2023",Puzzle,Capybara Games Inc.,PS5 / PS4,,,,,--,
Return to Monkey Island,€24.99,"Nov 8, 2022",--,Devolver Digital,PS5,,,,,--,
THEATRHYTHM FINAL BAR LINE,€59.99,"Feb 16, 2023",Music/rhythm,Square Enix LTD,PS4,87,42,8.8,76,--,
Little Noah: Scion of Paradise,€14.99,"Jun 28, 2022",Action,"CYGAMES, INC.",PS4,87,4,8.5,13,4.88,17
Shadowrun: Dragonfall - Director's Cut,€19.99,"Jun 21, 2022",Strategy,PARADOX INTERACTIVE AB,PS5 / PS4,87,5,8.2,339,--,
UNCHARTED: Legacy of Thieves Collection,€49.99,"Jan 28, 2022",Action / Adventure,Sony Interactive Entertainment Europe,PS5,,,,,--,
Psychonauts 2,€59.99,"Aug 25, 2021",Action,Microsoft Corporation,PS4,,,,,4.79,213
Subnautica,€29.99,"May 14, 2021",Adventure,"Unknown Worlds Entertainment, Inc.",PS5 / PS4,87,39,8.6,2065,--,
Baldur's Gate: Dark Alliance,€29.99,"May 7, 2021",Action / Role playing games,INTERPLAY ENTERTAINMENT,PS4,87,29,8.2,157,4.67,257
Tales of Arise PS4 & PS5,€69.99,"Sep 10, 2021",Role playing games,BANDAI NAMCO ENTERTAINMENT EUROPE,PS5 / PS4,87,76,8.2,1028,4.56,15889
Guilty Gear -Strive- PS4 & PS5,€59.99,"Jun 11, 2021",Fighting,BANDAI NAMCO ENTERTAINMENT EUROPE,PS5 / PS4,87,53,7.9,222,4.59,6772
Mass Effect™ Édition Légendaire,€69.99,"May 14, 2021",Unique,EA Swiss Sarl,PS4,,,,,4.83,3217
Katamari Damacy REROLL,€29.99,"Nov 20, 2020",Action,BANDAI NAMCO ENTERTAINMENT EUROPE,PS4,,,,,4.67,115
Crypt of the NecroDancer,€14.99,"Feb 3, 2016",Action / Adventure / Music/rhythm,TRANSCENDSENSE TECHNOLOGIES INC.,PS4,,,,,4.29,129
Until You Fall,€24.99,"Sep 29, 2020",Action / Adventure,SCHELL GAMES,PS4,,,,,4.09,685
FINAL FANTASY VII REMAKE,€69.99,"Apr 10, 2020",Role playing games,Square Enix LTD,PS4,,,,,4.71,132109
DOOM 3,€9.99,"Jul 26, 2019",Action / Shooter / Horror,Bethesda,PS4,,,,,4.47,1448
Wolfenstein® II: The New Colossus™ (CUSA07377),€100.00,"Oct 27, 2017",Action / Shooter,Bethesda,PS4,,,,,4.42,21355
Raw Data,€36.99,"Oct 18, 2017",Action / Shooter,"SURVIOS, INC",PS4,,,,,4,467
Injustice™ 2 - Standard Edition,"€10,000.00","May 18, 2017",Fighting,WARNER BROS. INTERACTIVE,PS4,,,,,4.44,37590
Zero Escape: The Nonary Games,€59.99,"Mar 24, 2017",Adventure,"SPIKE CHUNSOFT, INC.",PS4,87,10,8.2,175,4.73,1444
TowerFall Ascension,€13.99,"Jul 6, 2016",Action,Maddy Makes Games Inc.,PS4 / PS Vita,,,,,4.15,31108
Odin Sphere Leifthrasir,€39.99,"Jun 24, 2016",Role playing games,NIS America,PS Vita,,,,,4.87,244
Odin Sphere Leifthrasir,€39.99,"Jun 24, 2016",Role playing games,NIS America,PS3,87,49,8.2,307,4.98,63
Odin Sphere Leifthrasir,€59.99,"Jun 24, 2016",Role playing games,NIS America,PS4,87,49,8.4,302,4.84,1193
Heavy Rain™,€9.99,"Mar 2, 2016",Action / Adventure,Sony Interactive Entertainment Europe,PS4,,,,,4.46,292
Heavy Rain™,€29.99,"Mar 2, 2016",Action / Adventure,Sony Interactive Entertainment Europe,PS4,,,,,4.43,11419
The Witness,€36.99,"Jan 26, 2016",Puzzle / Adventure / Unique,"THEKLA INC.,",PS4,,,,,4.27,10779
PixelJunk™ Shooter,€7.99,"Dec 10, 2009",Shooter,Sony Interactive Entertainment Europe,PS3,,,,,4.72,2742
METAL GEAR SOLID PORTABLE OPS,€7.99,"Dec 10, 2009",Action / Shooter,Konami,PS Vita / PSP,,,,,4.48,626
METAL GEAR SOLID PORTABLE OPS +,€7.99,"Dec 10, 2009",Action / Shooter,Konami,PS Vita / PSP,,,,,4.27,168
Tactics Ogre™: Let Us Cling Together™,€19.99,"Feb 25, 2011",Role playing games / Strategy,Square Enix LTD,PS Vita / PSP,,,,,4.88,433
Rayman® Origins,€14.99,"Nov 24, 2011",Action,UBISOFT ENTERTAINMENT SA,PS3,,,,,4.49,4807
Rayman® Origins,€14.99,"Jan 31, 2012",Action,UBISOFT ENTERTAINMENT SA,PS Vita,,,,,4.58,8053
Jak II™ : Hors La Loi,€9.99,"Feb 29, 2012",Action,Sony Interactive Entertainment Europe,PS3,87,47,8.4,492,4.5,857
Flower™,€7.99,"Nov 29, 2013",Unique,Sony Interactive Entertainment Europe,PS4 / PS3 / PS Vita,,,,,4.67,14536
Flower™,€7.99,"Nov 29, 2013",--,Sony Interactive Entertainment Europe,PS3 / PS Vita,87,57,8.5,327,4.46,2008
Resistance 2™,€14.99,"Apr 16, 2014",--,Sony Interactive Entertainment Europe,PS3,87,79,6.2,2035,4.44,150
PixelJunk™ Shooter Ultimate,€11.99,"Jun 4, 2014",Shooter / Unique,Double Eleven Limited,PS4 / PS Vita,87,50,7.7,46,4.1,2232
Guacamelee! Super Turbo Championship Edition,€13.99,"Jul 2, 2014",Puzzle / Action / Adventure,DRINKBOX STUDIOS INC.,PS4,,,,,4.44,34856
Spelunky,€14.99,"Oct 8, 2014",Action,Mossmouth LLC,PS4 / PS3 / PS Vita,,,,,3.87,13338
DARK SOULS™ II: Scholar of the First Sin,€59.99,"Apr 2, 2015",Role playing games / Adventure,BANDAI NAMCO ENTERTAINMENT EUROPE,PS4,,,,,4.57,12720
Batman: Arkham Knight,€69.99,"Jun 23, 2015",Action / Adventure,WARNER BROS. INTERACTIVE,PS4,,,,,4.64,142922
DELTARUNE PS4 & PS5,€23.99,"Jun 4, 2025",Role playing games,"8-4, LTD",PS5 / PS4,,,,,4.82,6377
Indiana Jones et le Cercle Ancien,€79.99,"Apr 17, 2025",--,Bethesda,PS5,86,77,8.2,2052,--,
Spin Rhythm XD,€17.99,"Jul 9, 2024",Music/rhythm,Super Spin Division PTY LTD,PS5 / PS4,86,7,8,8,5,12
Sly Raccoon™,€9.99,"Jun 11, 2024",Adventure,Sony Interactive Entertainment,PS5 / PS4,86,41,8.5,405,4.97,351
SILENT HILL 2,€69.99,"Oct 8, 2024",--,Konami,PS5,86,105,9.1,3632,--,
"Braid, Anniversary Edition",€19.99,"May 14, 2024",--,"THEKLA INC.,",PS5,86,15,7.6,46,--,
"Braid, Anniversary Edition",€19.99,"May 14, 2024",Puzzle / Adventure,"THEKLA INC.,",PS4,,,,,5,4
Bang-On Balls: Chronicles,€24.99,"Mar 5, 2024",Action / Adventure / Casual,Untold Tales S.A.,PS5 / PS4,,,,,4.68,133
Pentiment,€19.99,"Feb 22, 2024",Adventure,Microsoft Corporation,PS5 / PS4,86,56,7.6,608,4.95,42
Unicorn Overlord,€59.99,"Mar 8, 2024",--,SEGA EUROPE LTD,PS5 / PS4,,,,,--,
This Bed We Made,€29.99,"Dec 20, 2023",Adventure,Lowbirth Games Inc.,PS4,,,,,--,
Dragon's Dogma 2,€74.99,"Mar 22, 2024",Action / Role playing games,CE EUROPE LIMITED,PS5,,,,,--,
Astral Ascent PS4 & PS5,€24.99,"Nov 14, 2023",Action,MP2 Games ApS,PS5 / PS4,86,13,7.7,40,5,8
This Bed We Made,€29.99,"Nov 1, 2023",--,Lowbirth Games Inc.,PS5,86,5,7.3,28,--,
Everhood: Eternity Edition,€12.99,"Sep 28, 2023",Adventure / Music/rhythm,BLITWORKS SL,PS5 / PS4,,,,,5,2
ANONYMOUS;CODE,€59.99,"Sep 8, 2023",Adventure,"SPIKE CHUNSOFT, INC.",PS4,,,,,--,
Chants of Sennaar,€19.99,"Sep 5, 2023",Puzzle,Focus Entertainment,PS4,,,,,--,
STAR OCEAN THE SECOND STORY R - PS4 & PS5,€49.99,"Nov 2, 2023",Role playing games,Square Enix LTD,PS5 / PS4,,,,,--,
Diablo® IV,,"Jun 5, 2023",Unique,"Blizzard Entertainment, Inc.",PS5,86,90,2.6,10362,--,
Beat Saber,€29.99,"May 24, 2023",Music/rhythm / Party / Family,HYPERBOLIC MAGNETISM S.R.O.,PS5 / PS4,,,,,4.68,26720
HUMANITY,€29.99,"May 16, 2023",Puzzle / Action,ENHANCE GAMES,PS5 / PS4,,,,,--,
ARMORED CORE™ VI FIRES OF RUBICON™ PS4 & PS5,€69.99,"Aug 25, 2023",Action / Adventure,BANDAI NAMCO ENTERTAINMENT EUROPE,PS5 / PS4,,,,,--,
Steve Jackson's Sorcery!,€24.99,"Jun 23, 2022",Role playing games / Adventure,No Gravity Games S.A.,PS4,86,4,0,0,5,1
RESIDENT EVIL 7 biohazard,€19.99,"Jun 14, 2022",Action / Adventure,CE EUROPE LIMITED,PS5 / PS4,,,,,4.64,55054
RESIDENT EVIL 7 biohazard Gold Edition,€49.99,"Jun 13, 2022",Action / Adventure,CE EUROPE LIMITED,PS5 / PS4,,,,,--,
ESCHATOS,€24.99,"Apr 7, 2022",Shooter,QUTE CORPORATION,PS4,86,5,8.3,6,5,6
Cyberpunk 2077,€49.99,"Feb 15, 2022",Role playing games / Unique,CD PROJEKT,PS5 / PS4,,,,,--,
Lacuna,€19.99,"Dec 21, 2021",Adventure,ASSEMBLE ENTERTAINMENT GMBH,PS4,,,,,4.38,8
Monster Boy et le Royaume Maudit,€39.99,"Dec 2, 2021",Action / Adventure,FDG ENTERTAINMENT GMBH & CO KG,PS5 / PS4,,,,,--,
ENDER LILIES: Quietus of the Knights,€29.99,"Jul 20, 2021",Action,Binary Haze Interactive,PS4,,,,,4.77,219
The Great Ace Attorney Chronicles,€39.99,"Jul 27, 2021",Adventure,CE EUROPE LIMITED,PS4,86,51,9,281,4.78,83
Turok 2: Seeds Of Evil,€19.99,"Feb 25, 2021",Action / Shooter,NIGHT DIVE STUDIOS,PS4,86,14,8.2,115,4.67,129
Returnal,€79.99,"Apr 30, 2021",Shooter,Sony Interactive Entertainment Europe,PS5,86,115,7.4,4396,--,
Cuphead,€19.99,"Jul 28, 2020",Action,StudioMDHR Entertainment,PS4,,,,,4.5,47032
Desperados III,€59.99,"Jun 16, 2020",Action / Strategy,THQ NORDIC GMBH,PS4,,,,,4.32,3609
Ni no Kuni: Wrath of the White Witch™ Remastered,€49.99,"Sep 20, 2019",Action / Role playing games / Adventure,BANDAI NAMCO ENTERTAINMENT EUROPE,PS4,,,,,4.7,873
Mini Metro,€11.99,"Sep 10, 2019",Puzzle / Simulation,,PS4,,,,,3.8,30
The Messenger,€19.99,"Mar 19, 2019",Action,Devolver Digital,PS4,,,,,4.71,3828
STEINS;GATE ELITE,€59.99,"Mar 19, 2019",Adventure,"SPIKE CHUNSOFT, INC.",PS4,,,,,4.81,75
Sonic Mania,€19.99,"Aug 15, 2017",Action / Adventure / Family,SEGA EUROPE LTD,PS4,,,,,4.34,42480
Patapon™ Remastered,€14.99,"Aug 1, 2017",Action / Adventure / Music/rhythm,Sony Interactive Entertainment Europe,PS4,,,,,4.19,3597
FINAL FANTASY XII THE ZODIAC AGE,€49.99,"Jul 18, 2017",Role playing games,Square Enix LTD,PS4,,,,,4.75,10770
GUILTY GEAR Xrd -REVELATOR-,€54.99,"Jun 10, 2016",Fighting,PQube Ltd,PS4,86,30,8.3,146,4.79,4062
SteamWorld Heist,€19.99,"Jun 8, 2016",Action / Shooter / Strategy,THUNDERFUL PUBLISHING,PS4 / PS Vita,,,,,4.66,1970
Joe Danger,FREE,"Aug 25, 2010",Action / Racing,Hello Games LTD,PS3,86,48,7.2,49,4.42,8760
MIGHT & MAGIC CLASH OF HEROES™,FREE,"Apr 13, 2011",Puzzle / Role playing games / Adventure,UBISOFT ENTERTAINMENT SA,PS3,,,,,4.31,2555
Tales from Space: Mutant Blobs Attack,FREE,"Jun 18, 2014",Puzzle / Action,DRINKBOX STUDIOS INC.,PS3,86,30,8.2,172,4.35,2052
Gone Home,€19.99,"Feb 12, 2016",Adventure,Serenity Forge,PS4,,,,,3.86,14526
The Legend of Heroes: Trails of Cold Steel,€39.99,"Jan 29, 2016",Role playing games,NIS America,PS3,,,,,4.88,235
Valkyria Chronicles™,,"Jan 1, 1970",Role playing games,SEGA EUROPE LTD,PS3,,,,,--,
Shatter™,€7.99,"Jul 23, 2009",Action,Sidhe,PS3,,,,,4.36,4923
Guitar Hero® 5,,"Sep 10, 2009",--,Activision Blizzard Int'l BV,PS3,,,,,--,
Joe Danger,€12.99,"Aug 25, 2010",Racing,Hello Games LTD,PS3,,,,,4.49,1282
Tomb Raider,€5.99,"Sep 1, 2010",Action / Adventure,Square Enix LTD,PS3 / PS Vita / PSP,,,,,4.57,2461
Dragon Age: Origins,€14.99,"Aug 3, 2011",Role playing games / Adventure,EA Swiss Sarl,PS3,,,,,4.69,2305
Street Fighter™ III: Third Strike Online Edition,€14.99,"Aug 24, 2011",--,CE EUROPE LIMITED,PS3,,,,,4.47,307
God of War®: Ghost of Sparta,€14.99,"Sep 14, 2011",Action / Adventure,Sony Interactive Entertainment Europe,PS3,,,,,4.84,1469
Daytona USA,€7.99,"Nov 23, 2011",Racing,SEGA EUROPE LTD,PS3,,,,,4.63,941
Tales from Space: Mutant Blobs Attack,€6.99,"Feb 22, 2012",--,DRINKBOX STUDIOS INC.,PS Vita,,,,,4.68,5356
Max Payne 3,€19.99,"Sep 12, 2012",Action / Shooter / Adventure,Rockstar Games,PS3,,,,,4.64,1799
Dragon Age: Origins,€14.99,"Oct 3, 2012",Role playing games,EA Swiss Sarl,PS3,,,,,4.61,535
DmC Devil May Cry,€19.99,"Jan 15, 2013",Action / Adventure,CE EUROPE LIMITED,PS3,86,65,5.5,1624,4.6,5268
Brothers: a Tale of two Sons,,"Apr 10, 2013",--,505 GAMES S.R.L.,PS3,,,,,--,
Tomb Raider,€14.99,"May 15, 2013",Action / Adventure,Square Enix LTD,PS3,86,70,8.3,1943,4.75,7989
Saints Row IV,€19.99,"Aug 23, 2013",Action,Deep Silver,PS3,86,45,7.4,2041,4.59,2836
Brothers: a Tale of Two Sons - Obtenir le jeu complet,€14.99,"Sep 4, 2013",--,505 GAMES S.R.L.,PS3,,,,,4.53,4706
Rocksmith® 2014 Edition,€29.99,"Oct 24, 2013",Music/rhythm,UBISOFT ENTERTAINMENT SA,PS3,,,,,4.71,117
Tales from Space: Mutant Blobs Attack,€6.99,"Jun 18, 2014",--,DRINKBOX STUDIOS INC.,PS3,86,30,8.3,165,4.39,64
Resistance: Fall of Man™,€14.99,"Apr 16, 2014",--,Sony Interactive Entertainment Europe,PS3,,,,,4.31,140
Joe Danger,€7.99,"Sep 3, 2014",Action,Hello Games LTD,PS Vita,86,48,7.2,50,3.9,4625
Nihilumbra,€8.99,"Jan 28, 2015",Puzzle / Adventure,,PS Vita,86,12,6.2,25,4.16,475
Suikoden III,€9.99,"Jun 23, 2015",Adventure,Konami,PS3,86,23,8.7,122,4.8,293
Astebreed,€14.49,"Jun 25, 2015",Action / Arcade,PLAYISM,PS4,86,14,7.4,131,4.45,573
Brothers: a Tale of two Sons,€19.99,"Aug 12, 2015",Puzzle / Action / Adventure / Unique,505 GAMES S.R.L.,PS4,86,56,8.3,539,4.44,3181
Uncharted™: The Nathan Drake Collection,€59.99,"Oct 7, 2015",Action / Adventure,Sony Interactive Entertainment Europe,PS4,,,,,4.57,24850
The Alters,€34.99,"Jun 13, 2025",Adventure,11 Bit Studios S.A.,PS5,,,,,--,
Risk of Rain 2,€24.99,"Aug 27, 2024",Action,GEARBOX,PS5 / PS4,,,,,4.56,6234
STAR WARS Jedi: Survivor™ PS4,€49.99,"Sep 17, 2024",Action,EA Swiss Sarl,PS4,,,,,4.49,16771
Closer the Distance,€19.99,"Aug 2, 2024",--,SKYBOUND INTERACTIVE LLC,PS5,85,9,8.3,11,--,
"Ratchet & Clank: La taille, ça compte",€9.99,"Jul 16, 2024",Adventure,Sony Interactive Entertainment,PS5 / PS4,,,,,4.72,122
Ace Attorney Investigations Collection,€39.99,"Sep 6, 2024",Adventure,CE EUROPE LIMITED,PS4,85,25,8.3,21,5,1
Stasis: Bone Totem,€19.99,"Mar 28, 2024",--,Feardemic,PS5,,,,,--,
Torn Away,€14.99,"Feb 3, 2024",Adventure,Dmitrii Milovidov trading as OverGamez,PS4,,,,,--,
Apollo Justice: Ace Attorney Trilogy,€49.99,"Jan 25, 2024",Adventure,CE EUROPE LIMITED,PS4,,,,,5,27
In Stars and Time,€19.99,"Nov 20, 2023",--,ARMOR GAMES INC,PS5,85,8,8.3,43,--,
In Stars and Time,€19.99,"Nov 20, 2023",Role playing games,ARMOR GAMES INC,PS4,,,,,5,2
Worldless,€19.99,"Nov 21, 2023",Action,THUNDERFUL PUBLISHING,PS5 / PS4,85,6,7.2,22,--,
Hotline Miami,€9.99,"Oct 23, 2023",Action,Devolver Digital,PS5 / PS4,,,,,5,12
Jusant,€24.99,"Oct 31, 2023",Adventure,DON'T NOD ENTERTAINMENT SARL,PS5,,,,,--,
Shadow Gambit: The Cursed Crew,€39.99,"Aug 17, 2023",Strategy,Hooded Horse Inc.,PS5,,,,,--,
Russian Subway Dogs,€14.99,"Jun 28, 2023",Arcade / Unique,SPOOKY SQUID GAMES INC.,PS4 / PS Vita,,,,,5,1
STAR WARS Jedi: Survivor™,€79.99,"Apr 28, 2023",Action,EA Swiss Sarl,PS5,,,,,4.26,48073
FINAL FANTASY IV,€17.99,"Apr 19, 2023",Role playing games,Square Enix LTD,PS4,85,30,8.2,88,5,1
A Space for the Unbound,€19.99,"Jan 19, 2023",Adventure,CHORUS WORLDWIDE GAMES,PS4,85,24,7.5,50,5,1
A Space for the Unbound,€19.99,"Jan 19, 2023",--,CHORUS WORLDWIDE GAMES,PS5,85,24,7.6,91,--,
The Witcher 3: Wild Hunt – Complete Edition,€49.99,"Dec 14, 2022",Action / Role playing games,CD PROJEKT,PS5 / PS4,85,65,8.9,2767,--,
Moss,€26.99,"Feb 22, 2023",Puzzle / Action / Adventure,"POLYARC, INC.",PS5,85,66,8.5,232,--,
Ys VIII: Lacrimosa of DANA,€39.99,"Nov 18, 2022",--,NIS America,PS5,85,39,8.6,370,--,
Teenage Mutant Ninja Turtles: Shredder's Revenge,€24.99,"Nov 15, 2022",--,DOTEMU,PS5,85,47,8,238,--,
TUNIC,€29.99,"Sep 27, 2022",Action,LAST CHANCE MEDIA,PS5 / PS4,85,60,7.9,823,--,
Undernauts: Labyrinth of Yomi,€44.99,"Sep 17, 2022",--,NUMSKULL GAMES LTD,PS5,,,,,--,
Outer Wilds,€24.99,"Sep 15, 2022",Adventure / Unique,ANNAPURNA INTERACTIVE,PS5 / PS4,,,,,4.74,10641
OCTOPATH TRAVELER II PS4＆PS5,€59.99,"Feb 24, 2023",Role playing games,Square Enix LTD,PS5 / PS4,,,,,--,
Inscryption,€19.99,"Aug 30, 2022",Adventure / Strategy,Devolver Digital,PS5 / PS4,,,,,--,
AI: THE SOMNIUM FILES - nirvanA Initiative,€59.99,"Jul 8, 2022",Adventure,"SPIKE CHUNSOFT, INC.",PS4,,,,,4.61,626
Red Faction: Guerrilla,,"Nov 6, 2013",--,THQ (UK) LTD,PS3,,,,,--,
Teenage Mutant Ninja Turtles: Shredder's Revenge,€24.99,"Jun 16, 2022",Action,DOTEMU,PS4,,,,,4.86,348
What Lies in the Multiverse,€14.99,"Mar 4, 2022",--,Untold Tales S.A.,PS5,,,,,--,
What Lies in the Multiverse,€14.99,"Mar 4, 2022",Puzzle / Adventure,Untold Tales S.A.,PS4,,,,,5,1
Undernauts: Labyrinth of Yomi,€44.99,"Feb 24, 2022",Role playing games,NUMSKULL GAMES LTD,PS4,,,,,4.67,3
Deep Rock Galactic PS4 & PS5,€29.99,"Jan 4, 2022",Action / Shooter,COFFEE STAIN PUBLISHING AB,PS5 / PS4,,,,,4.41,12977
Among Us,€3.99,"Dec 14, 2021",Party,Innersloth LLC,PS5 / PS4,,,,,3.51,38214
The Jackbox Party Pack 7,€29.99,"Nov 25, 2021",Unique,"JACKBOX GAMES, INC.",PS5 / PS4,,,,,--,
Death's Door,€19.99,"Nov 23, 2021",Action / Adventure,Devolver Digital,PS5 / PS4,,,,,--,
Tangle Tower,€16.99,"Oct 6, 2021",Adventure,SFB Games Limited,PS4,,,,,4,9
Rogue Legacy,€16.99,"Jul 30, 2014",Fighting / Action,CELLAR DOOR GAMES INC.,PS4 / PS3 / PS Vita,,,,,4.36,39
The Forgotten City,€29.99,"Jul 28, 2021",Adventure,Dear Villagers,PS5 / PS4,,,,,--,
Russian Subway Dogs,€14.99,"Jul 20, 2021",Action / Arcade / Unique,SPOOKY SQUID GAMES INC.,PS Vita,,,,,--,
DEATH STRANDING DIRECTOR’S CUT,€49.99,"Sep 24, 2021",Action,Sony Interactive Entertainment Europe,PS5,,,,,--,
Doki Doki Literature Club Plus!,€12.49,"Jun 30, 2021",Adventure / Horror,Serenity Forge,PS5 / PS4,,,,,--,
Manifold Garden,€17.99,"May 20, 2021",Puzzle / Adventure,WILLIAM CHYR STUDIO LLC,PS5 / PS4,,,,,--,
Crash Bandicoot™ 4: It’s About Time,€69.99,"Mar 12, 2021",Action,Activision Blizzard Int'l BV,PS5 / PS4,,,,,--,
Wilmot's Warehouse,€13.99,"Feb 9, 2021",Puzzle / Family,LAST CHANCE MEDIA,PS4,,,,,4.56,9
Marvel's Spider-Man: Miles Morales PS4 & PS5,,"Jan 1, 1970",Action,Sony Interactive Entertainment Europe,PS4,,,,,4.63,6309
Marvel's Spider-Man: Miles Morales PS4 & PS5,,"Jan 1, 1970",Action,Sony Interactive Entertainment Europe,PS4,,,,,4.63,1241
Wasteland 3,€59.99,"Aug 27, 2020",Role playing games,InXile Entertainment,PS4,,,,,4.32,2502
13 Sentinels: Aegis Rim,€59.99,"Sep 22, 2020",Adventure / Simulation / Unique,SEGA EUROPE LTD,PS4,,,,,4.88,544
Bug Fables: The Everlasting Sapling,€29.99,"May 28, 2020",Role playing games / Adventure / Family,DANGEN ENTERTAINMENT,PS4,,,,,4.91,45
Nioh 2,€69.99,"Mar 13, 2020",Action,Sony Interactive Entertainment Europe,PS4,,,,,4.55,31797
Disgaea 4 Complete+,€49.99,"Oct 29, 2019",Role playing games,NIS America,PS4,,,,,4.67,295
Kingdom Two Crowns,€18.99,"Dec 11, 2018",Action / Adventure / Arcade,RAW FURY,PS4,85,11,7.6,70,4.6,2468
Thronebreaker: The Witcher Tales,€26.99,"Dec 4, 2018",Role playing games,CD PROJEKT,PS4,85,51,8.3,750,4.36,3733
Valkyria Chronicles 4,€59.99,"Sep 25, 2018",Role playing games,SEGA EUROPE LTD,PS4,85,46,8,238,4.7,3882
428: Shibuya Scramble,€49.99,"Sep 21, 2018",Adventure,"SPIKE CHUNSOFT, INC.",PS4,85,19,7.7,43,4.15,133
Yakuza Kiwami 2,€49.99,"Sep 18, 2018",Action / Role playing games,SEGA EUROPE LTD,PS4,85,69,8.5,634,4.68,8541
IKARUGA,€9.99,"Jun 29, 2018",Shooter,,PS4,,,,,4.72,159
DJMAX RESPECT,€39.99,"Mar 7, 2018",Action / Music/rhythm,NEOWIZ,PS4,,,,,4.82,5160
Moss™,€29.99,"Feb 27, 2018",Puzzle / Action / Adventure,"POLYARC, INC.",PS4,,,,,4.54,10186
South Park™ : Le Bâton de la Vérité™,€29.99,"Feb 13, 2018",Role playing games,UBISOFT ENTERTAINMENT SA,PS4,,,,,4.66,1586
"Papers, Please",€8.99,"Dec 12, 2017",Role playing games / Simulation / Unique,3909 LLC,PS Vita,,,,,3.93,225
ACA NEOGEO METAL SLUG X,€6.99,"Oct 10, 2017",Action / Arcade,HAMSTER CORPORATION,PS4,85,9,8.6,123,4.53,405
Ys VIII: Lacrimosa of DANA,€39.99,"Sep 15, 2017",Role playing games,NIS America,PS Vita,85,39,8.6,369,5,12
Ys VIII: Lacrimosa of DANA,€59.99,"Sep 15, 2017",Role playing games,NIS America,PS4,85,39,8.6,369,4.79,9920
Pillars of Eternity: Complete Edition,€49.99,"Aug 29, 2017",Role playing games / Adventure,Microsoft Corporation,PS4,85,25,7.1,148,4.53,1407
Shadow Tactics: Blades of the Shogun,€49.99,"Jul 31, 2017",Action / Strategy,DAEDALIC ENTERTAINMENT,PS4,85,40,8.4,481,4.56,4135
Pyre,€19.99,"Jul 25, 2017",Action / Role playing games,SUPERGIANT GAMES,PS4,85,48,7.9,214,4.68,2468
WipEout™ Omega Collection,€34.99,"Jun 7, 2017",Racing,Sony Interactive Entertainment Europe,PS4,85,53,8.3,332,4.35,7983
Oceanhorn - Monster of Uncharted Seas,€14.99,"May 17, 2017",Action / Role playing games / Adventure,FDG ENTERTAINMENT GMBH & CO KG,PS Vita,85,19,7.7,79,3.67,9
Yakuza Zero,€59.99,"Jan 24, 2017",Fighting / Action / Adventure,SEGA EUROPE LTD,PS4,85,87,8.8,1921,4.81,22017
Machinarium,€19.99,"Oct 18, 2016",Puzzle / Adventure,AMANITA DESIGN S.R.O.,PS4,85,47,8.5,691,4.62,1911
DEAD RISING,€19.99,"Sep 13, 2016",Action / Horror,CE EUROPE LIMITED,PS4,85,82,7.5,367,4.38,836
Stardust Galaxy Warriors: Stellar Climax,€9.99,"Sep 9, 2016",Action / Shooter / Arcade,DREAMLOOP GAMES OY,PS4,85,5,7.9,16,4.54,96
Oceanhorn - Monster of Uncharted Seas,€14.99,"Sep 7, 2016",Action / Role playing games / Adventure,FDG ENTERTAINMENT GMBH & CO KG,PS4,,,,,4.34,1264
Lara Croft and the Guardian of Light,FREE,"Sep 29, 2010",Action / Adventure,Square Enix LTD,PS3,,,,,4.27,10549
The Wolf Among Us - Episode 1: Faith,FREE,"Oct 16, 2013",Adventure,Telltale,PS3,,,,,4.35,3717
THE WARRIORS,€7.99,"Apr 19, 2016",Action / Adventure,Rockstar Games,PS3 / PS Vita / PSP,,,,,4.5,721
Assault Android Cactus,€14.49,"Mar 8, 2016",Action / Shooter / Arcade,WITCH BEAM GAMES PTY LTD,PS4,85,20,6.3,44,4.55,395
Mortal Kombat XL,€59.99,"Mar 1, 2016",Fighting / Action,WARNER BROS. INTERACTIVE,PS4,,,,,4.54,122324
The Warriors,€9.99,"Mar 20, 2013",Action / Adventure,Rockstar Games,PS3,,,,,4.78,979
Super Stardust HD™,€7.99,"Dec 27, 2007",Action / Shooter,Sony Interactive Entertainment Europe,PS3,,,,,4.54,3295
Tom Clancy's RAINBOW SIX®,€4.99,"Apr 17, 2008",Action / Shooter / Adventure / Strategy,UBISOFT ENTERTAINMENT SA,PS3 / PS Vita / PSP,,,,,3.25,401
BIONIC COMMANDO REARMED,€9.99,"Aug 28, 2008",Action,CE EUROPE LIMITED,PS3,,,,,4.14,649
Sid Meier's Civilization Revolution,,"Sep 25, 2008",Strategy,2K,PS3,,,,,--,
SOULCALIBUR IV,,"Oct 23, 2008",Fighting,BANDAI NAMCO ENTERTAINMENT EUROPE,PS3,,,,,--,
Syphon Filter™: Logan's Shadow,€7.99,"Jun 11, 2009",Action / Shooter,Sony Interactive Entertainment Europe,PS Vita / PSP,,,,,4.7,115
Super Street Fighter IV,,"Apr 29, 2010",--,CE EUROPE LIMITED,PS3,,,,,--,
inFAMOUS™,€12.99,"Aug 5, 2010",Action / Shooter / Role playing games,Sony Interactive Entertainment Europe,PS3,,,,,4.53,16952
Lara Croft and the Guardian of Light (VERSION COMPLÈTE),€9.99,"Sep 29, 2010",--,Square Enix LTD,PS3,,,,,4.5,7435
Far Cry®2,€9.99,"Aug 17, 2011",Shooter,UBISOFT ENTERTAINMENT SA,PS3,,,,,4.14,3461
Tom Clancy's Splinter Cell Double Agent,€9.99,"Jan 18, 2012",Action / Adventure,UBISOFT ENTERTAINMENT SA,PS3,,,,,3.95,487
Pinball Arcade,€9.99,"Jul 11, 2012",--,Farsight Technologies,PS3,,,,,4.52,1523
Assassin's Creed® III - Gold Edition,€34.99,"Oct 31, 2012",Action / Adventure,UBISOFT ENTERTAINMENT SA,PS3,,,,,4.54,735
Red Faction: Guerrilla,€19.99,"Nov 6, 2013",Action,THQ (UK) LTD,PS3,,,,,4.36,666
Tomb Raider: Definitive Edition,€39.99,"Jan 31, 2014",Action / Adventure,CRYSTAL DYNAMICS,PS4,,,,,4.68,34899
South Park™: Le Bâton de la Vérité™,€29.99,"Mar 19, 2014",Role playing games,UBISOFT ENTERTAINMENT SA,PS3,,,,,4.73,836
Hotline Miami,€9.99,"Aug 20, 2014",Action,Devolver Digital,PS4 / PS3 / PS Vita,,,,,4.7,14725
Far Cry 4,€39.99,"Nov 18, 2014",Action / Shooter / Adventure,UBISOFT ENTERTAINMENT SA,PS4,,,,,4.28,174516
Far Cry 4,€59.99,"Nov 18, 2014",--,UBISOFT ENTERTAINMENT SA,PS3,,,,,4.52,3038
Dragon Age™: Inquisition,€39.99,"Nov 20, 2014",Action / Role playing games,EA Swiss Sarl,PS4,,,,,4.58,79055
Super Mega Baseball,€19.99,"Apr 1, 2015",Sports,ELECTRONIC ARTS,PS4 / PS3,,,,,4.05,5220
Borderlands 4,€79.99,"Sep 12, 2025",--,2K,PS5,,,,,--,
Sayonara Wild Hearts,€9.99,"Feb 24, 2025",Action / Adventure / Music/rhythm,ANNAPURNA INTERACTIVE,PS5 / PS4,,,,,4.56,1630
ENDER MAGNOLIA: Bloom in the Mist,€24.99,"Jan 22, 2025",--,Binary Haze Interactive,PS5,,,,,--,
Nine Sols PS4 & PS5,€28.99,"Nov 26, 2024",Action / Adventure,"RED CANDLE GAMES CO., LTD.",PS5 / PS4,,,,,5,36
Ravenswatch,€29.99,"Nov 28, 2024",--,NACON SA,PS5 / PS4,,,,,--,
The Case of the Golden Idol,€17.99,"Jul 29, 2024",--,PLAYSTACK LIMITED,PS5,,,,,--,
Lost in Play,€19.99,"Aug 10, 2024",Puzzle,"Joystick Ventures Publishing, LLC",PS5,,,,,--,
Ultimate General: Gettysburg,€14.99,"Jul 19, 2024",--,Samustai LTD,PS5,,,,,--,
DRAGON QUEST III HD-2D Remake,€69.99,"Nov 14, 2024",--,Square Enix LTD,PS5,,,,,--,
Crow Country,€18.99,"May 9, 2024",--,SFB Games Limited,PS5 / PS4,,,,,--,
Gordian Quest,€19.99,"Apr 30, 2024",Role playing games,Maximum Entertainment,PS5 / PS4,,,,,5,19
Mediterranea Inferno PS4 & PS5,€14.99,"Mar 5, 2024",Adventure,Santa Ragione S.r.l.,PS5 / PS4,,,,,5,2
Lil Gator Game PS4 & PS5,€19.99,"Oct 10, 2023",Adventure,PLAYTONIC LTD,PS5 / PS4,84,16,8.4,39,5,2
Disgaea 7: Vows of the Virtueless,€59.99,"Oct 6, 2023",Role playing games,NIS America,PS5 / PS4,84,14,6.4,36,4.53,657
Red Matter,€19.99,"Oct 5, 2023",Puzzle / Adventure / Unique,VERTICAL ROBOT S.L.,PS5 / PS4,84,5,7.2,33,4.64,338
WHAT THE GOLF?,€16.99,"Mar 14, 2024",Sports,TRIBAND PRODUCTION,PS5 / PS4,84,27,8.1,65,--,
Football Manager 2024 Console,€59.99,"Nov 6, 2023",Sports,SEGA EUROPE LTD,PS5,,,,,--,
Patrick's Parabox,€19.99,"Jul 26, 2023",--,Draknek Limited,PS5,,,,,--,
Blasphemous 2,€29.99,"Aug 24, 2023",Action,Team 17 Digital LTD,PS5 / PS4,,,,,--,
Thumper PS4 & PS5,€19.99,"Feb 22, 2023",Action / Adventure / Music/rhythm,DROOL LLC,PS5 / PS4,,,,,--,
Prodeus,€24.99,"Sep 23, 2022",Action / Shooter,Humble Games,PS5 / PS4,,,,,--,
"Hogwarts Legacy : L'Héritage de Poudlard, version PS5",€74.99,"Feb 10, 2023",Unique,WARNER BROS. INTERACTIVE,PS5,,,,,--,
"Hogwarts Legacy : L'Héritage de Poudlard, version PS4",€69.99,"May 5, 2023",Unique,WARNER BROS. INTERACTIVE,PS4,,,,,--,
Tactics Ogre: Reborn,€49.99,"Nov 11, 2022",Role playing games,Square Enix LTD,PS5 / PS4,,,,,--,
Persona 4 Arena Ultimax,€29.99,"Mar 17, 2022",Action,SEGA EUROPE LTD,PS4,,,,,4.9,72
Infernax,€19.99,"Feb 14, 2022",Action / Adventure,THE ARCADE CREW,PS4,84,14,7.7,46,4.91,32
OlliOlli World (PS4/PS5),€29.99,"Feb 8, 2022",Action / Arcade / Sports,TAKE-TWO INTERACTIVE SOFTWARE UK,PS5 / PS4,,,,,4.1,2369
Shovel Knight Pocket Dungeon,€19.99,"Dec 13, 2021",Puzzle / Adventure,YACHT CLUB GAMES,PS4,,,,,4.17,12
The Elder Scrolls V: Skyrim Special Edition - PS5 & PS4,€39.99,"Nov 11, 2021",Action / Role playing games,Bethesda,PS5 / PS4,,,,,--,
UNSIGHTED,€19.99,"Sep 30, 2021",Action / Shooter,Humble Games,PS4,,,,,4.75,24
Fuga: Melodies of Steel,€39.99,"Aug 10, 2021",--,CyberConnect2,PS5 / PS4,,,,,--,
